cyc.time_seconds,veh.history.speed_ach_meters_per_second,veh.pt_type.BEV.res.history.soc,battery_energy_step_j,battery_energy_cum_j
0.0,0.0,1.0,0.0,0.0
1.0,0.0,0.999999997791682,3000.0,3000.0
2.0,0.0,0.999999995583364,3000.0,6000.0
3.0,0.894094506,0.9999999796452709,21651.89953581329,27651.89953581329
4.0,2.190531539,0.999999912442832,91294.51314146386,118946.41267727714
5.0,3.621082748,0.9999997786505261,181756.84752089303,300703.2601981702
6.0,5.051633958,0.9999995837267951,264803.8886833411,565507.1488815113
7.0,6.482185167,0.9999993281986456,347134.9910994371,912642.1399809484
8.0,7.733917475,0.9999990519804733,375242.3869791062,1287884.5269600546
9.0,8.762126157,0.9999987854748646,362047.86945018126,1649932.396410236
10.0,9.745630113,0.9999984991838373,388926.3606099189,2038858.7570201547
11.0,10.72913407,0.999998182161691,430674.5857926479,2469533.3428128026
12.0,11.53381912,0.9999978958120593,389005.97462167026,2858539.317434473
13.0,12.11498055,0.9999976674042351,310292.0291226274,3168831.3465571003
14.0,12.51732308,0.999997492216324,237992.77738523364,3406824.1239423337
15.0,12.96437033,0.9999972948690748,268096.23792478675,3674920.3618671205
16.0,13.41141759,0.9999970906919614,277374.60866856494,3952294.9705356853
17.0,13.72435066,0.9999969324843031,214925.10381359787,4167220.0743492832
18.0,14.08198847,0.9999967524280634,244606.40165841015,4411826.476007693
19.0,14.39492154,0.9999965861795643,225848.5860100583,4637675.062017752
20.0,14.70785462,0.9999964161578514,230974.49705265157,4868649.559070404
21.0,14.97608297,0.9999962617469509,209767.20828201668,5078416.767352421
22.0,15.24431132,0.9999961043870722,213773.39517532475,5292190.162527746
23.0,15.46783495,0.9999959642774918,190338.86487764664,5482529.027405392
24.0,15.60194913,0.9999958635261018,136870.7633441567,5619399.790749549
25.0,15.69135858,0.9999957830430934,109336.16693507334,5728735.957684622
26.0,15.95958693,0.9999956177598363,224537.30482563612,5953273.262510259
27.0,16.04899638,0.9999955350197214,112402.44602659969,6065675.708536859
28.0,16.00429165,0.999995518302549,22710.278777363925,6088385.987314222
29.0,15.78076803,0.9999955640101836,-68802.01850718807,6019583.968807034
30.0,15.60194913,0.9999955953920596,-47237.98168837354,5972345.9871186605
31.0,15.42313022,0.9999956265531943,-46905.70796523885,5925440.2791534215
32.0,15.46783495,0.9999955681457614,79346.49757487915,6004786.7767283
33.0,15.5572444,0.9999954885011885,108197.15226249472,6112983.928990795
34.0,15.69135858,0.999995387078216,137783.10810320193,6250767.037093997
35.0,15.95958693,0.9999952217949588,224537.30482563612,6475304.341919634
36.0,16.13840583,0.999995095830901,171122.1726002477,6646426.514519881
37.0,16.18311055,0.9999950338830382,84156.17147513223,6730582.685995013
38.0,16.31722473,0.999994927707822,144239.0313344867,6874821.7173295
39.0,16.40663418,0.999994842679146,115511.45628247317,6990333.173611973
40.0,16.49604363,0.9999947570733407,116295.48636231801,7106628.659974291
41.0,16.54074836,0.9999946933092085,86623.57353302676,7193252.2335073175
42.0,16.54074836,0.9999946520953762,55988.99127326095,7249241.224780578
43.0,16.54074836,0.9999946108815438,55988.99127326095,7305230.216053839
44.0,16.54074836,0.9999945696677115,55988.99127326095,7361219.2073270995
45.0,16.54074836,0.9999945284538792,55988.99127326095,7417208.19860036
46.0,16.54074836,0.9999944872400468,55988.99127326095,7473197.189873621
47.0,16.58545308,0.9999944232466879,86934.97817703705,7560132.168050658
48.0,16.67486253,0.9999943364805687,117871.7729752537,7678003.941025912
49.0,16.89838616,0.9999941820231798,209830.36281444805,7887834.30384036
50.0,17.25602396,0.9999939593571993,302491.73451762256,8190326.038357982
51.0,17.56895704,0.999993754156243,278765.49900997087,8469091.537367953
52.0,17.88189012,0.99999354502668,284102.51127607597,8753194.048644029
53.0,18.19482319,0.9999933319513685,289462.810607583,9042656.859251611
54.0,18.50775627,0.9999931147951643,295006.70344822586,9337663.562699838
55.0,18.86539407,0.9999928692457717,333578.8498168337,9671242.412516672
56.0,19.17832715,0.9999926432233004,307051.5273211199,9978293.939837793
57.0,19.4465555,0.9999924379522216,278860.7605273579,10257154.70036515
58.0,19.67007913,0.9999922544663472,249265.56031702334,10506420.260682173
59.0,19.8041933,0.9999921200462708,182609.67376029887,10689029.934442472
60.0,19.89360275,0.9999920109288418,148236.0273113681,10837265.96175384
61.0,20.02771693,0.9999918745885289,185218.315077425,11022484.276831266
62.0,20.07242165,0.9999917909226653,113660.0755902292,11136144.352421494
63.0,20.11712638,0.9999917069779768,114038.85934142616,11250183.21176292
64.0,20.16183111,0.9999916227538382,114418.49218941806,11364601.703952339
65.0,20.29594528,0.9999914840907772,188373.76842117662,11552975.472373515
66.0,20.43005946,0.9999913442587104,189961.86282714672,11742937.335200662
67.0,20.56417363,0.9999912032525314,191556.8941567977,11934494.229357459
68.0,20.69828781,0.999991061067083,193158.93162266206,12127653.16098012
69.0,20.78769726,0.9999909452141232,157386.2459248964,12285039.406905016
70.0,20.92181144,0.999990801051729,195844.61262866526,12480884.01953368
71.0,20.96651616,0.9999907116882575,121400.27606175092,12602284.295595432
72.0,21.01122089,0.9999906220331188,121796.50586117775,12724080.80145661
73.0,21.05592561,0.9999905320856716,122193.60710402545,12846274.408560636
74.0,21.10063034,0.9999904418452477,122591.6158138619,12968866.024374498
75.0,21.14533506,0.9999903513112035,122990.49898212438,13091856.523356622
76.0,21.10063034,0.9999903183371479,44795.25448602037,13136651.777842643
77.0,21.05592561,0.9999902855417347,44552.56878985262,13181204.346632496
78.0,21.01122089,0.9999902529242769,44310.816457285866,13225515.163089782
79.0,20.96651616,0.9999902204841145,44069.960637706914,13269585.12372749
80.0,20.96651616,0.9999901592666937,83163.86614609433,13352748.989873584
81.0,20.96651616,0.9999900980492729,83163.86614609433,13435912.85601968
82.0,21.01122089,0.9999900083941342,121796.50586117775,13557709.361880857
83.0,21.05592561,0.9999899184466869,122193.60710402545,13679902.968984883
84.0,21.05592561,0.9999898567636096,83796.4605594739,13763699.429544358
85.0,21.10063034,0.9999897665231857,122591.6158138619,13886291.04535822
86.0,21.05592561,0.9999897337277726,44552.56878985262,13930843.614148073
87.0,21.01122089,0.9999897011103147,44310.816457285866,13975154.43060536
88.0,20.96651616,0.9999896686701523,44069.960637706914,14019224.391243067
89.0,20.78769726,0.9999897037821907,-52852.85782556099,13966371.533417506
90.0,20.69828781,0.9999897019229298,2525.80589354921,13968897.339311056
91.0,20.65358308,0.9999896707050168,42409.534894932025,14011306.874205988
92.0,20.69828781,0.9999895830778304,119041.53272202518,14130348.406928014
93.0,20.78769726,0.9999894672248706,157386.2459248964,14287734.65285291
94.0,20.96651616,0.9999892958555248,232805.25627943384,14520539.909132343
95.0,21.05592561,0.9999891779344088,160195.83613638213,14680735.745268725
96.0,21.19003979,0.9999890313805413,199093.42902822007,14879829.174296945
97.0,21.32415396,0.9999888836230525,200728.54857544924,15080557.722872395
98.0,21.45826814,0.9999887346566345,202370.8788632871,15282928.601735681
99.0,21.54767759,0.999988612885739,165425.7615500337,15448354.363285715
100.0,21.68179177,0.9999884618926111,205124.16428078036,15653478.527566494
101.0,21.81590594,0.9999883096763187,206785.83327245433,15860264.36083895
102.0,21.95002012,0.9999881562314592,208454.84164481153,16068719.202483762
103.0,21.99472484,0.9999880599922943,130740.90549961121,16199460.107983373
104.0,21.95002012,0.9999880234950094,49581.56169591734,16249041.66967929
105.0,21.95002012,0.9999879570126309,90316.31123415548,16339357.980913445
106.0,21.90531539,0.9999879207069495,49321.268152146215,16388679.249065591
107.0,21.90531539,0.9999878544707587,89981.86529051766,16478661.114356108
108.0,21.95002012,0.9999877585378988,130324.79018450082,16608985.90454061
109.0,21.99472484,0.9999876622987339,130740.90549961121,16739726.81004022
110.0,22.03942957,0.9999875657525722,131157.96078803082,16870884.77082825
111.0,22.08413429,0.9999874688987469,131575.92158820265,17002460.692416452
112.0,22.12883902,0.999987371736564,131994.82539793255,17134455.517814383
113.0,22.12883902,0.9999873042628156,91663.087276135,17226118.605090518
114.0,22.12883902,0.9999872367890671,91663.087276135,17317781.692366652
115.0,22.08413429,0.9999871997128548,50368.03446181046,17368149.726828463
116.0,21.95002012,0.9999872153542567,-23544.426133367102,17344605.300695095
117.0,21.86061067,0.9999872103747933,6764.601090518561,17351369.901785612
118.0,21.72649649,0.9999872262306734,-23867.272033664074,17327502.629751947
119.0,21.63708704,0.9999872219247148,5849.644687523496,17333352.27443947
120.0,21.50297286,0.9999872379830225,-24171.978943672246,17309180.295495797
121.0,21.32415396,0.9999872731527623,-52939.71355493193,17256240.581940863
122.0,21.19003979,0.9999872894744624,-24568.453881077246,17231672.128059786
123.0,21.14533506,0.9999872563211029,45038.83895118885,17276710.967010975
124.0,21.23474451,0.9999871370088244,162085.73040332535,17438796.6974143
125.0,21.36885869,0.9999869888489447,201275.19654030958,17640071.893954612
126.0,21.41356341,0.9999868965392924,125402.66251759962,17765474.556472212
127.0,21.45826814,0.9999868039313805,125807.84826175532,17891282.404733967
128.0,21.41356341,0.9999867696879404,46519.713334283326,17937802.11806825
129.0,21.41356341,0.9999867061164284,86361.89919125401,18024164.017259505
130.0,21.41356341,0.9999866425449163,86361.89919125401,18110525.916450758
131.0,21.45826814,0.9999865499370044,125807.84826175532,18236333.764712512
132.0,21.45826814,0.9999864861265195,86686.5436964491,18323020.30840896
133.0,21.45826814,0.9999864223160346,86686.5436964491,18409706.85210541
134.0,21.41356341,0.9999863880725945,46519.713334283326,18456226.565439694
135.0,21.14533506,0.9999864609502002,-109699.97474931419,18346526.590690378
136.0,20.56417363,0.9999866623929253,-303224.3126897179,18043302.27800066
137.0,19.35714605,0.9999871041066266,-664895.3609544514,17378406.917046208
138.0,18.41834682,0.9999874229913865,-480005.48081084725,16898401.43623536
139.0,17.65836649,0.9999876645464844,-363603.989270927,16534797.446964433
140.0,17.52425231,0.9999876823289012,-26767.217008138818,16508030.229956295
141.0,17.43484286,0.9999876846215165,-3450.989426428442,16504579.240529867
142.0,17.43484286,0.9999876398255213,60855.35957925004,16565434.600109117
143.0,17.47954759,0.9999875711427868,93305.4948659987,16658740.094975116
144.0,17.65836649,0.999987431489549,189718.92346069822,16848459.018435813
145.0,17.92659484,0.9999872439414461,254784.09781500793,17103243.11625082
146.0,18.32893737,0.9999869832594828,354136.44728404377,17457379.563534863
147.0,18.77598462,0.9999866920996459,395540.6383760478,17852920.20191091
148.0,19.2677366,0.9999863676090028,440820.53852254845,18293740.74043346
149.0,19.53596495,0.999986161280431,280297.3647761822,18574038.10520964
150.0,19.71478385,0.9999860022389738,216057.81969544973,18790095.92490509
151.0,19.8041933,0.999985893781923,147338.90351176815,18937434.828416858
152.0,19.84889803,0.9999858115007231,111779.01022305868,19049213.838639915
153.0,19.93830748,0.999985702052217,148685.79549909793,19197899.634139013
154.0,19.9830122,0.9999856189421028,112905.09019780142,19310804.724336814
155.0,20.07242165,0.9999855084968008,150039.9427202838,19460844.667057097
156.0,20.20653583,0.9999853706102371,187318.89678389227,19648163.56384099
157.0,20.43005946,0.9999851788571951,260496.50748944996,19908660.07133044
158.0,20.51946891,0.9999850650502896,154606.68108294025,20063266.75241338
159.0,20.69828781,0.9999848963576143,229168.99937845202,20292435.75179183
160.0,20.92181144,0.9999846991803896,267865.259827904,20560301.011619736
161.0,20.96651616,0.9999846098169181,121400.27606175092,20681701.287681486
162.0,21.01122089,0.9999845201617794,121796.50586117775,20803497.793542664
163.0,21.05592561,0.9999844302143321,122193.60710402545,20925691.40064669
164.0,21.27944924,0.9999842290545172,273275.6085303888,21198967.009177078
165.0,21.41356341,0.9999840804916698,201822.62828880525,21400789.637465883
166.0,21.45826814,0.9999839878837579,125807.84826175532,21526597.485727638
167.0,21.45826814,0.999983924073273,86686.5436964491,21613284.029424086
168.0,21.41356341,0.9999838898298329,46519.713334283326,21659803.74275837
169.0,21.36885869,0.9999838557697629,46270.60503689051,21706074.347795263
170.0,21.14533506,0.999983909767816,-81281.28006532302,21624793.06772994
171.0,20.87710671,0.9999839821411329,-108940.88754115372,21515852.180188786
172.0,20.65358308,0.9999840356351102,-80522.51305525383,21435329.667133532
173.0,20.51946891,0.99998405244412,-25301.983260267127,21410027.683873266
174.0,20.43005946,0.9999840510428096,1903.6801689459792,21411931.36404221
175.0,20.34065001,0.999984049790125,1701.77205564948,21413633.13609786
176.0,20.29594528,0.9999840199291244,40566.169211063716,21454199.305308923
177.0,20.25124056,0.9999839902347575,40339.79747077085,21494539.102779694
178.0,20.11712638,0.999984007286787,-25667.791852058224,21468871.310927637
179.0,19.67007913,0.9999841479006649,-211660.88993647744,21257210.42099116
180.0,19.2677366,0.9999842688167515,-182010.5302645222,21075199.890726637
181.0,18.86539407,0.9999843877378736,-179007.58366202615,20896192.30706461
182.0,18.552461,0.9999844716970613,-126380.67201079607,20769811.635053817
183.0,18.552461,0.9999844221075971,67367.28712271174,20837178.92217653
184.0,18.82068935,0.9999842241917408,268868.6906970649,21106047.612873595
185.0,19.17832715,0.9999839741242909,339716.6307579846,21445764.24363158
186.0,19.4465555,0.999983768853212,278860.7605273579,21724625.004158936
187.0,19.6253744,0.9999836106766452,214882.86600876832,21939507.870167706
188.0,19.49126023,0.9999836280351128,-26129.061667968643,21913378.80849974
189.0,19.35714605,0.9999836454481311,-26211.17503273658,21887167.633467004
190.0,19.22303187,0.9999836629118314,-26287.46456565589,21860880.168901347
191.0,19.2677366,0.9999835841581338,106986.89820832288,21967867.06710967
192.0,19.40185078,0.999983453159624,177961.47561683645,22145828.542726506
193.0,19.6253744,0.999983270155763,248610.74506860314,22394439.287795108
194.0,19.8041933,0.9999831102473588,217235.56726542665,22611674.855060533
195.0,19.93830748,0.9999829746768097,184172.59087921248,22795847.445939746
196.0,20.07242165,0.9999828379507819,185742.30879118908,22981589.754730936
197.0,20.02771693,0.9999828090797659,39221.27526156392,23020811.0299925
198.0,19.84889803,0.9999828439319174,-52461.659549929165,22968349.37044257
199.0,19.6253744,0.9999828961939523,-78668.11564915373,22889681.254793417
200.0,19.40185078,0.9999829481572085,-78218.37497030417,22811462.87982311
201.0,19.31244133,0.9999829484416214,-428.1163085917251,22811034.76351452
202.0,19.31244133,0.9999828953839716,72078.81733081667,22883113.580845334
203.0,19.2677366,0.999982869190943,35583.2292219306,22918696.810067263
204.0,19.22303187,0.9999828431496672,35377.073211519106,22954073.883278783
205.0,19.22303187,0.9999827905090201,71512.31916660018,23025586.202445384
206.0,19.2677366,0.9999827117553225,106986.89820832288,23132573.100653708
207.0,19.40185078,0.9999825807568127,177961.47561683645,23310534.576270543
208.0,19.6253744,0.9999823977529517,248610.74506860314,23559145.321339145
209.0,19.67007913,0.9999823165682481,110289.41984719432,23669434.74118634
210.0,19.4465555,0.9999823685921299,-78309.6325551682,23591125.10863117
211.0,19.04421297,0.999982488404161,-180348.6364704864,23410776.472160686
212.0,18.552461,0.9999826392947003,-227129.9697173074,23183646.502443377
213.0,18.19482319,0.9999827384175786,-149206.01665061756,23034440.48579276
214.0,17.88189012,0.999982820115609,-122977.03533981265,22911463.450452946
215.0,17.88189012,0.9999827734451794,63401.778705919125,22974865.229158863
216.0,18.01600429,0.999982653898968,162403.52819908422,23137268.757357948
217.0,18.32893737,0.9999824390885993,291819.8859369962,23429088.643294945
218.0,18.77598462,0.9999821479287624,395540.6383760478,23824629.28167099
219.0,19.0889177,0.9999819230948734,305436.83815516025,24130066.119826153
220.0,19.2677366,0.9999817683574584,210210.77827832272,24340276.898104474
221.0,19.31244133,0.9999816893360991,107350.51673873575,24447627.41484321
222.0,19.40185078,0.9999815838216678,143341.3549936388,24590968.769836847
223.0,19.6253744,0.9999814008178068,248610.74506860314,24839579.51490545
224.0,19.8041933,0.9999812409094025,217235.56726542665,25056815.082170874
225.0,19.9830122,0.9999810792609034,219599.4860812573,25276414.56825213
226.0,20.16183111,0.9999809158639847,221974.7140142292,25498389.28226636
227.0,20.29594528,0.9999807772009237,188373.76842117662,25686763.050687537
228.0,20.47476418,0.9999806107240862,226158.7837372715,25912921.83442481
229.0,20.78769726,0.9999803629566757,336592.0270674506,26249513.861492258
230.0,20.96651616,0.9999801915873299,232805.25627943384,26482319.117771693
231.0,21.10063034,0.9999800458329516,198007.32282017506,26680326.440591868
232.0,21.19003979,0.9999799268693977,161611.9879035096,26841938.428495377
233.0,21.14533506,0.9999798937160382,45038.83895118885,26886977.267446566
234.0,21.14533506,0.9999798315647308,84432.55117781127,26971409.818624377
235.0,21.10063034,0.9999797985906752,44795.25448602037,27016205.073110398
236.0,21.10063034,0.9999797366738049,84114.06825654065,27100319.14136694
237.0,21.10063034,0.9999796747569346,84114.06825654065,27184433.209623482
238.0,21.05592561,0.9999796419615214,44552.56878985262,27228985.778413333
239.0,21.01122089,0.9999796093440636,44310.816457285866,27273296.59487062
240.0,21.01122089,0.9999795478941358,83479.72698566115,27356776.32185628
241.0,20.96651616,0.9999795154539733,44069.960637706914,27400846.282493986
242.0,20.92181144,0.9999794831904211,43830.03578600935,27444676.318279997
243.0,20.96651616,0.9999793938269496,121400.27606175092,27566076.594341747
244.0,21.01122089,0.9999793041718109,121796.50586117775,27687873.100202926
245.0,21.10063034,0.9999791859038373,160667.0421934359,27848540.14239636
246.0,21.23474451,0.9999790389493536,199637.66616421883,28048177.80856058
247.0,21.41356341,0.9999788630755516,238924.56003156837,28287102.368592147
248.0,21.45826814,0.9999787704676397,125807.84826175532,28412910.2168539
249.0,21.45826814,0.9999787066571548,86686.5436964491,28499596.76055035
250.0,21.45826814,0.9999786428466699,86686.5436964491,28586283.3042468
251.0,21.45826814,0.999978579036185,86686.5436964491,28672969.847943246
252.0,21.45826814,0.9999785152257001,86686.5436964491,28759656.391639695
253.0,21.50297286,0.9999784223188761,126213.92042537595,28885870.312065072
254.0,21.54767759,0.9999783291124604,126620.91567611178,29012491.227741186
255.0,21.54767759,0.9999782648220746,87338.48909293789,29099829.716834124
256.0,21.50297286,0.9999782302098384,47020.72289767996,29146850.439731803
257.0,21.72649649,0.9999780240263666,280100.246546159,29426950.686277963
258.0,21.86061067,0.9999778714011477,207341.35983043848,29634292.046108402
259.0,21.95002012,0.999977746423639,169781.94551604378,29804073.991624445
260.0,21.95002012,0.9999776799412605,90316.31123415548,29894390.3028586
261.0,21.95002012,0.999977613458882,90316.31123415548,29984706.614092752
262.0,21.95002012,0.9999775469765035,90316.31123415548,30075022.925326906
263.0,21.95002012,0.999977480494125,90316.31123415548,30165339.23656106
264.0,21.90531539,0.9999774441884437,49321.268152146215,30214660.504713207
265.0,21.86061067,0.9999774080736631,49061.9295216873,30263722.434234895
266.0,21.54767759,0.999977500949355,-139802.35722475723,30123920.077010136
267.0,21.32415396,0.9999775551166783,-81536.07617547686,30042384.00083466
268.0,21.23474451,0.9999775519750717,4267.872636349988,30046651.87347101
269.0,21.10063034,0.9999775683677834,-24675.34496421808,30021976.528506793
270.0,20.87710671,0.9999776220978518,-80877.89234737554,29941098.636159416
271.0,20.65358308,0.999977675591829,-80522.51305525383,29860576.123104163
272.0,20.56417363,0.9999776739638153,2211.6566016008596,29862787.779705763
273.0,20.47476418,0.9999776724874402,2005.6555812252782,29864793.435286988
274.0,20.38535473,0.9999776711606929,1802.386141244547,29866595.821428232
275.0,20.29594528,0.9999776699815716,1601.8363793552594,29868197.65780759
276.0,20.20653583,0.9999776689480828,1403.994393239551,29869601.65220083
277.0,20.11712638,0.9999776680582424,1208.848280591504,29870810.50048142
278.0,19.9830122,0.999977685183209,-25777.58118495364,29845032.919296466
279.0,19.89360275,0.9999776846438646,732.6993260040845,29845765.61862247
280.0,19.75948858,0.9999777018815361,-25947.231854122518,29819818.38676835
281.0,19.4465555,0.9999777887102529,-130700.06832285092,29689118.318445496
282.0,19.13362242,0.9999778745539512,-129217.35629474116,29559900.962150756
283.0,18.77598462,0.9999779761169565,-152879.05016652885,29407021.911984228
284.0,17.92659484,0.999978254037923,-418344.1915859598,28988677.72039827
285.0,17.25602396,0.9999784588947028,-308363.36345455673,28680314.35694371
286.0,16.76427198,0.9999785972505034,-208261.88924090852,28472052.467702802
287.0,16.00429165,0.9999788181928752,-332576.4122308027,28139476.055472
288.0,15.51253968,0.9999789474125582,-194509.62813497533,27944966.427337024
289.0,15.1996066,0.9999790192019854,-108061.97978606407,27836904.44755096
290.0,14.88667352,0.999979089751698,-106195.88315033683,27730708.564400624
291.0,14.52903572,0.999979171989262,-123789.17530876225,27606919.38909186
292.0,14.17139792,0.9999792524536367,-121120.05873984989,27485799.330352012
293.0,13.67964594,0.9999793678086765,-173639.69133366548,27312159.639018346
294.0,13.23259869,0.9999794676021505,-150215.43989843864,27161944.199119907
295.0,12.87496088,0.999979541472211,-111193.88059069723,27050750.31852921
296.0,12.69614198,0.99997956862428,-40871.008954411875,27009879.309574798
297.0,12.78555143,0.9999795051571819,86220.05262000105,27096099.3621948
298.0,13.18789396,0.9999793204850852,250877.04344870555,27346976.405643504
299.0,14.03728374,0.99997894948661,504001.42850742163,27850977.834150925
300.0,14.93137825,0.999978531984198,567177.0267571824,28418154.860908106
301.0,15.9148822,0.9999780401598949,668143.3156796821,29086298.176587787
302.0,16.76427198,0.9999775863209485,616540.2087811199,29702838.385368906
303.0,17.47954759,0.9999771811779486,550386.7652200321,30253225.150588937
304.0,17.97129957,0.9999768809707337,407831.5016109912,30661056.652199928
305.0,18.37364209,0.999976619598249,355074.5204360216,31016131.17263595
306.0,18.68657517,0.9999764000884857,298204.0135787697,31314335.18621472
307.0,18.95480352,0.9999762006034048,271000.4824240861,31585335.668638807
308.0,19.13362242,0.9999760471473228,208470.0873508085,31793805.755989615
309.0,19.35714605,0.9999758670256322,244695.3166336861,32038501.0726233
310.0,19.58066968,0.999975684503302,247956.58558597867,32286457.65820928
311.0,19.8041933,0.9999754995685709,251233.83222062024,32537691.4904299
312.0,19.9830122,0.9999753379200718,219599.4860812573,32757290.976511158
313.0,20.11712638,0.9999752008077567,186267.08001880525,32943558.05652996
314.0,20.20653583,0.9999750893602884,151401.3855565969,33094959.44208656
315.0,20.29594528,0.9999749772417115,152313.08689484422,33247272.528981403
316.0,20.34065001,0.9999748918934389,115945.62830149023,33363218.157282893
317.0,20.47476418,0.9999747516705754,190492.7601520814,33553710.917434976
318.0,20.56417363,0.9999746375241859,155067.8700111143,33708778.78744609
319.0,20.60887836,0.9999745504705818,118262.32111498222,33827041.10856107
320.0,20.78769726,0.9999743808878329,230378.164413337,34057419.27297441
321.0,20.92181144,0.9999742367254386,195844.61262866526,34253263.88560308
322.0,21.05592561,0.9999740913699353,197465.45116694854,34450729.33677003
323.0,21.32415396,0.9999738630059053,310232.53480859444,34760961.87157862
324.0,21.59238231,0.9999736312224021,314877.8889873215,35075839.760565944
325.0,21.90531539,0.9999733679461313,357660.813877491,35433500.57444344
326.0,22.21824847,0.9999731002646977,363645.2276657493,35797145.80210919
327.0,22.48647682,0.9999728569295342,330570.8194959316,36127716.62160512
328.0,22.7994099,0.9999725809922891,374860.74747342494,36502577.36907855
329.0,23.11234297,0.9999723005686919,380955.4567953027,36883532.82587385
330.0,23.42527605,0.9999720154608905,387318.94810363575,37270851.77397749
331.0,23.73820913,0.9999717255993519,393776.90029760794,37664628.67427509
332.0,24.05114221,0.999971430946038,400286.5268236428,38064915.20109873
333.0,24.36407528,0.9999711314624138,406848.50359576184,38471763.704694495
334.0,24.67700836,0.9999708271094174,413463.5455626209,38885227.25025711
335.0,24.94523671,0.9999705507310758,375459.9771625024,39260687.227419615
336.0,25.21346506,0.999970270629698,380517.72172593215,39641204.94914555
337.0,25.43698869,0.9999700192415746,341510.765735225,39982715.71488077
338.0,25.48169341,0.9999698969355081,166152.79133627357,40148868.50621705
339.0,25.52639814,0.9999697742662936,166646.1278922598,40315514.63410931
340.0,25.61580759,0.9999696175935695,212839.8957499537,40528354.52985927
341.0,25.74992177,0.9999694269979478,258924.15205423304,40787278.6819135
342.0,25.83933122,0.9999692682415843,215670.51974458635,41002949.20165809
343.0,25.92874067,0.9999691086467234,216809.61843538214,41219758.820093475
344.0,25.97344539,0.9999689823042243,171636.28505153977,41391395.105145015
345.0,26.10755957,0.999968787969122,264004.23639314354,41655399.34153816
346.0,26.24167374,0.9999685922205305,265924.46156281204,41921323.80310097
347.0,26.28637847,0.9999684632610782,175191.41581483732,42096515.21891581
348.0,26.3310832,0.9999683339246868,175703.48790290407,42272218.706818715
349.0,26.37578792,0.9999682042105885,176216.60244292955,42448435.30926164
350.0,26.37578792,0.9999681094200757,128772.9116586139,42577208.22092026
351.0,26.3310832,0.9999680503618804,80230.55833135889,42657438.77925161
352.0,26.28637847,0.9999679915720212,79866.02373657766,42737304.802988194
353.0,26.19696902,0.9999679695860425,29867.952060440886,42767172.75504863
354.0,26.10755957,0.999967948028959,29285.29793217338,42796458.0529808
355.0,26.01815012,0.9999679268973922,28707.23355434,42825165.286535144
356.0,25.97344539,0.9999678699633922,77344.83909901125,42902510.125634156
357.0,25.92874067,0.9999678132913097,76989.0240314791,42979499.14966564
358.0,25.88403594,0.9999677568803634,76634.27050461592,43056133.420170255
359.0,25.74992177,0.9999677669129524,-15101.686535132852,43041031.73363512
360.0,25.66051232,0.9999677474497556,26440.752904997604,43067472.48654012
361.0,25.57110287,0.9999677283952502,25885.54566311491,43093358.032203235
362.0,25.52639814,0.9999676740447145,73835.20260769837,43167193.23481093
363.0,25.48169341,0.9999676199481641,73490.16374092131,43240683.39855185
364.0,25.48169341,0.9999675315293655,120116.93790864028,43360800.33646049
365.0,25.43698869,0.9999674776860024,73146.20878685034,43433946.545247346
366.0,25.43698869,0.9999673895773297,119695.63186728685,43553642.177114636
367.0,25.43698869,0.999967301468657,119695.63186728685,43673337.808981925
368.0,25.48169341,0.9999671791625905,166152.79133627357,43839490.6003182
369.0,25.48169341,0.9999670907437919,120116.93790864028,43959607.53822684
370.0,25.48169341,0.9999670023249932,120116.93790864028,44079724.476135485
371.0,25.48169341,0.9999669139061946,120116.93790864028,44199841.41404413
372.0,25.48169341,0.999966825487396,120116.93790864028,44319958.35195277
373.0,25.48169341,0.9999667370685974,120116.93790864028,44440075.28986141
374.0,25.48169341,0.9999666486497988,120116.93790864028,44560192.22777005
375.0,25.48169341,0.9999665602310002,120116.93790864028,44680309.165678695
376.0,25.48169341,0.9999664718122016,120116.93790864028,44800426.10358734
377.0,25.43698869,0.9999664179688385,73146.20878685034,44873572.31237419
378.0,25.39228396,0.9999663643778889,72803.30494788956,44946375.61732208
379.0,25.25816979,0.9999663753557654,-16524.593032125063,44929851.02428996
380.0,25.12405561,0.9999663865796388,-16894.883156560056,44912956.1411334
381.0,25.03464616,0.9999663699070889,22649.659093946342,44935605.800227344
382.0,25.03464616,0.9999662845537539,115952.50555589427,45051558.30578324
383.0,25.03464616,0.999966199200419,115952.50555589427,45167510.81133914
384.0,25.07935089,0.9999660801286161,161759.04414953824,45329269.85548868
385.0,25.21346506,0.9999658950615165,251413.6548140945,45580683.510302775
386.0,25.34757924,0.9999657086213024,253279.0307526515,45833962.541055426
387.0,25.43698869,0.9999655536025802,210592.93410072514,46044555.47515615
388.0,25.52639814,0.9999653977582875,211714.47161719477,46256269.94677334
389.0,25.61580759,0.9999652410855634,212839.8957499537,46469109.8425233
390.0,25.66051232,0.9999651173223708,168132.29712467262,46637242.13964797
391.0,25.66051232,0.9999650276550656,121813.03413360011,46759055.17378157
392.0,25.57110287,0.9999650086005601,25885.54566311491,46784940.719444685
393.0,25.48169341,0.9999649899514034,25334.879488452774,46810275.59893314
394.0,25.43698869,0.9999649361080403,73146.20878685034,46883421.80771999
395.0,25.30287451,0.9999649470028059,-16399.489385503744,46867022.31833449
396.0,25.16876034,0.9999649581452353,-16772.288456542825,46850250.029877946
397.0,25.07935089,0.9999649412787698,22913.093511236733,46873163.123389184
398.0,25.21346506,0.9999647562116701,251413.6548140945,47124576.77820328
399.0,25.34757924,0.9999645697714561,253279.0307526515,47377855.80895593
400.0,25.52639814,0.9999643495462532,299175.9380992507,47677031.74705518
401.0,25.70521704,0.999964127212728,302040.09400386846,47979071.84105905
402.0,25.83933122,0.9999639356862925,260188.66260557447,48239260.50366463
403.0,25.92874067,0.9999637760914316,216809.61843538214,48456070.12210001
404.0,25.92874067,0.9999636845272459,124389.94621285169,48580460.06831286
405.0,25.92874067,0.9999635929630603,124389.94621285169,48704850.01452571
406.0,25.92874067,0.9999635013988746,124389.94621285169,48829239.96073856
407.0,25.92874067,0.9999634098346889,124389.94621285169,48953629.90695141
408.0,25.92874067,0.9999633182705032,124389.94621285169,49078019.85316426
409.0,25.88403594,0.999963261859557,76634.27050461592,49154654.12366888
410.0,25.83933122,0.9999632057089346,76280.62054163974,49230934.74421052
411.0,25.79462649,0.9999631498178561,75928.03027289867,49306862.77448342
412.0,25.79462649,0.9999630592057395,123096.56044546323,49429959.334928885
413.0,25.83933122,0.9999629339732429,170128.34669062303,49600087.68161951
414.0,25.88403594,0.999962808371517,170629.94463901428,49770717.62625852
415.0,25.92874067,0.9999626823997804,171132.6041928969,49941850.23045142
416.0,25.97344539,0.9999625560572812,171636.28505153977,50113486.51550296
417.0,26.10755957,0.999962361722179,264004.23639314354,50377490.751896106
418.0,26.3310832,0.999962098681689,357340.5057471756,50734831.25764328
419.0,26.42049265,0.9999619344232443,223145.0970336357,50957976.35467692
420.0,26.55460682,0.9999617353526016,270437.46821906284,51228413.82289598
421.0,26.73342572,0.999961500665788,318822.0361194893,51547235.85901547
422.0,26.77813045,0.9999613675172245,180882.32359688877,51728118.18261236
423.0,26.77813045,0.9999612697529915,132812.71051925962,51860930.89313162
424.0,26.73342572,0.9999612082436227,83560.47756781032,51944491.37069943
425.0,26.64401627,0.9999611840623437,32850.26749057128,51977341.63819
426.0,26.55460682,0.9999611603269147,32244.580183709822,52009586.21837371
427.0,26.46519737,0.999961137033937,31643.51032973006,52041229.72870344
428.0,26.42049265,0.9999610774366747,80962.88071346923,52122192.60941691
429.0,26.37578792,0.999961018109356,80596.16250211812,52202788.77191903
430.0,26.3310832,0.9999609590511607,80230.55833135889,52283019.33025038
431.0,26.24167374,0.9999609368494744,30160.99074257665,52313180.32099296
432.0,26.19696902,0.9999608785938561,79140.25754969596,52392320.57854266
433.0,26.15226429,0.9999608206041677,78778.99161458034,52471099.57015724
434.0,26.10755957,0.9999607628795928,78418.83504258128,52549518.40519982
435.0,26.10755957,0.9999606700346453,126129.8612105473,52675648.266410366
436.0,26.06285484,0.9999606125743997,78059.74363801412,52753708.01004838
437.0,26.01815012,0.9999605553776683,77701.75968596508,52831409.769734345
438.0,25.97344539,0.9999604984436682,77344.83909901125,52908754.60883336
439.0,25.92874067,0.9999604417715857,76989.0240314791,52985743.63286484
440.0,25.88403594,0.9999603853606395,76634.27050461592,53062377.90336946
441.0,25.88403594,0.9999602941146183,123957.71981756446,53186335.62318702
442.0,25.88403594,0.9999602028685971,123957.71981756446,53310293.343004584
443.0,25.88403594,0.9999601116225759,123957.71981756446,53434251.06282215
444.0,25.88403594,0.9999600203765547,123957.71981756446,53558208.78263971
445.0,25.92874067,0.9999598944048181,171132.6041928969,53729341.38683261
446.0,25.97344539,0.999959768062319,171636.28505153977,53900977.67188415
447.0,25.97344539,0.9999596761791596,124823.2721095425,54025800.943993695
448.0,26.01815012,0.9999595494651147,172141.0300436883,54197941.97403739
449.0,26.01815012,0.999959457262171,125257.6990658253,54323199.67310321
450.0,26.01815012,0.9999593650592272,125257.6990658253,54448457.37216904
451.0,25.97344539,0.9999593081252272,77344.83909901125,54525802.21126805
452.0,25.92874067,0.9999592514531447,76989.0240314791,54602791.235299535
453.0,25.92874067,0.999959159888959,124389.94621285169,54727181.181512386
454.0,25.92874067,0.9999590683247733,124389.94621285169,54851571.127725236
455.0,25.92874067,0.9999589767605876,124389.94621285169,54975961.07393809
456.0,25.92874067,0.999958885196402,124389.94621285169,55100351.02015094
457.0,25.92874067,0.9999587936322163,124389.94621285169,55224740.96636379
458.0,25.88403594,0.99995873722127,76634.27050461592,55301375.236868404
459.0,25.88403594,0.9999586459752489,123957.71981756446,55425332.95668597
460.0,25.92874067,0.9999585200035123,171132.6041928969,55596465.560878865
461.0,25.97344539,0.9999583936610131,171636.28505153977,55768101.845930405
462.0,25.97344539,0.9999583017778537,124823.2721095425,55892925.11803995
463.0,26.01815012,0.9999581750638088,172141.0300436883,56065066.14808364
464.0,26.06285484,0.9999580479774645,172646.79873814236,56237712.94682179
465.0,26.06285484,0.9999579554539251,125693.2282485319,56363406.175070316
466.0,26.06285484,0.9999578629303857,125693.2282485319,56489099.403318845
467.0,26.01815012,0.9999578057336542,77701.75968596508,56566801.16300481
468.0,25.97344539,0.9999577487996542,77344.83909901125,56644146.00210382
469.0,25.92874067,0.9999576921275717,76989.0240314791,56721135.0261353
470.0,25.83933122,0.9999576718369201,27564.850181399303,56748699.876316704
471.0,25.70521704,0.9999576819582836,-15235.315594950353,56733464.560721755
472.0,25.52639814,0.9999577150867485,-49867.05756122499,56683597.50316053
473.0,25.48169341,0.999957660990198,73490.16374092131,56757087.66690145
474.0,25.30287451,0.9999576943459965,-50209.254552379374,56706878.41234907
475.0,25.07935089,0.9999577502189134,-84103.4434207923,56622774.96892828
476.0,25.03464616,0.999957698618885,70098.63870890002,56692873.607637174
477.0,24.94523671,0.999957682331677,22126.171932780744,56714999.77956995
478.0,24.81112254,0.9999576941100793,-17729.594904224596,56697270.18466573
479.0,24.67700836,0.9999577061178734,-18074.89004193426,56679195.2946238
480.0,24.63230363,0.9999576566977934,67137.17872333355,56746332.473347135
481.0,24.58759891,0.9999576075160349,66813.418822545,56813145.89216968
482.0,24.54289418,0.9999575585718388,66490.69050384729,56879636.58267353
483.0,24.54289418,0.9999574764994436,111495.34893374449,56991131.93160727
484.0,24.54289418,0.9999573944270483,111495.34893374449,57102627.28054101
485.0,24.54289418,0.9999573123546531,111495.34893374449,57214122.62947475
486.0,24.54289418,0.9999572302822579,111495.34893374449,57325617.97840849
487.0,24.54289418,0.9999571482098627,111495.34893374449,57437113.327342235
488.0,24.58759891,0.999957033008693,156500.7890497919,57593614.116392024
489.0,24.58759891,0.9999569506419377,111895.23707093835,57705509.353462964
490.0,24.58759891,0.9999568682751824,111895.23707093835,57817404.590533905
491.0,24.58759891,0.9999567859084271,111895.23707093835,57929299.827604845
492.0,24.58759891,0.9999567035416718,111895.23707093835,58041195.064675786
493.0,24.58759891,0.9999566211749165,111895.23707093835,58153090.301746726
494.0,24.63230363,0.9999565056255919,156973.75746420512,58310064.059210934
495.0,24.63230363,0.9999564229636984,112296.18236268603,58422360.24157362
496.0,24.58759891,0.9999563737819399,66813.418822545,58489173.66039616
497.0,24.54289418,0.9999563248377438,66490.69050384729,58555664.35090001
498.0,24.54289418,0.9999562427653486,111495.34893374449,58667159.69983375
499.0,24.49818946,0.9999561940579258,66169.03378787235,58733328.73362162
500.0,24.45348473,0.9999561455865187,65848.40648808054,58799177.1401097
501.0,24.40878001,0.9999560973503402,65528.84848927414,58864705.98859898
502.0,24.31937056,0.999956083668043,18587.400701739345,58883293.38930072
503.0,24.27466583,0.9999560361329564,64576.415161606645,58947869.80446233
504.0,24.27466583,0.9999559558104384,109118.14065110103,59056987.94511343
505.0,24.22996111,0.9999559085075006,64261.041028835345,59121248.98614226
506.0,24.18525638,0.9999558614359587,63946.6896915532,59185195.675833814
507.0,24.18525638,0.9999557816905561,108334.12940641241,59293529.80524023
508.0,24.18525638,0.9999557019451535,108334.12940641241,59401863.93464664
509.0,24.14055166,0.9999556551042256,63633.40062546696,59465497.33527211
510.0,24.14055166,0.9999555756462274,107943.69059450428,59573441.02586661
511.0,24.14055166,0.9999554961882292,107943.69059450428,59681384.716461115
512.0,24.14055166,0.999955416730231,107943.69059450428,59789328.40705562
513.0,24.14055166,0.9999553372722328,107943.69059450428,59897272.09765012
514.0,24.14055166,0.9999552578142347,107943.69059450428,60005215.78824462
515.0,24.14055166,0.9999551783562365,107943.69059450428,60113159.47883912
516.0,24.14055166,0.9999550988982383,107943.69059450428,60221103.16943362
517.0,24.18525638,0.999954986797406,152288.98070564892,60373392.15013927
518.0,24.22996111,0.9999548743550184,152752.98356235964,60526145.13370163
519.0,24.36407528,0.9999546978462844,239787.11513614096,60765932.24883777
520.0,24.49818946,0.9999545200019462,241601.5335359792,61007533.78237375
521.0,24.54289418,0.9999544051482071,156028.80449334698,61163562.586867094
522.0,24.58759891,0.9999542899470374,156500.7890497919,61320063.37591688
523.0,24.63230363,0.9999541743977128,156973.75746420512,61477037.13338109
524.0,24.67700836,0.9999540584994789,157447.7507734611,61634484.88415455
525.0,24.67700836,0.9999539755416678,112698.18644351572,61747183.070598066
526.0,24.72171309,0.999953859293791,157922.740543041,61905105.8111411
527.0,24.76641781,0.999953742695537,158398.72793697324,62063504.53907808
528.0,24.81112254,0.9999536257461485,158875.7442746126,62222380.283352695
529.0,24.85582726,0.9999535084448965,159353.75090098032,62381734.03425368
530.0,24.90053199,0.9999533907910215,159832.78915511948,62541566.8234088
531.0,24.94523671,0.9999532727837928,160312.82024939326,62701879.64365819
532.0,24.98994144,0.9999531544224489,160793.88564332982,62862673.529301524
533.0,25.03464616,0.9999530357062573,161275.94641678408,63023949.475718305
534.0,25.03464616,0.9999529503529223,115952.50555589427,63139901.9812742
535.0,25.03464616,0.9999528649995874,115952.50555589427,63255854.4868301
536.0,25.03464616,0.9999527796462524,115952.50555589427,63371806.992386
537.0,25.03464616,0.9999526942929174,115952.50555589427,63487759.4979419
538.0,25.03464616,0.9999526089395825,115952.50555589427,63603712.003497794
539.0,25.03464616,0.9999525235862475,115952.50555589427,63719664.50905369
540.0,25.03464616,0.9999524382329126,115952.50555589427,63835617.01460959
541.0,25.03464616,0.9999523528795776,115952.50555589427,63951569.52016549
542.0,25.03464616,0.9999522675262427,115952.50555589427,64067522.025721386
543.0,25.03464616,0.9999521821729077,115952.50555589427,64183474.531277284
544.0,25.03464616,0.9999520968195728,115952.50555589427,64299427.03683318
545.0,25.03464616,0.9999520114662378,115952.50555589427,64415379.54238908
546.0,25.03464616,0.9999519261129028,115952.50555589427,64531332.04794498
547.0,24.98994144,0.9999518747582026,69765.36030846355,64601097.40825344
548.0,24.98994144,0.999951789707058,115541.979938175,64716639.38819161
549.0,24.98994144,0.9999517046559134,115541.979938175,64832181.36812978
550.0,24.94523671,0.9999516535457751,69433.12297983821,64901614.49110962
551.0,24.85582726,0.9999516376405948,21607.18735798652,64923221.6784676
552.0,24.76641781,0.9999516221141335,21092.697781772866,64944314.37624937
553.0,24.67700836,0.9999516069630878,20582.695492986855,64964897.07174236
554.0,24.63230363,0.9999515575430078,67137.17872333355,65032034.2504657
555.0,24.58759891,0.9999515083612494,66813.418822545,65098847.66928824
556.0,24.54289418,0.9999514594170532,66490.69050384729,65165338.35979209
557.0,24.40878001,0.999951471868872,-18743.264088152293,65146595.09570394
558.0,24.31937056,0.9999514581865748,18587.400701739345,65165182.496405676
559.0,24.22996111,0.9999514448632661,18099.71490367017,65183282.21130934
560.0,24.18525638,0.9999513977917243,63946.6896915532,65247228.901000895
561.0,24.05114221,0.9999514108053154,-19588.879247654444,65227640.02175324
562.0,23.8723233,0.9999514452889677,-51906.97139854182,65175733.0503547
563.0,23.82761858,0.9999514000409858,61469.38340986379,65237202.43376456
564.0,23.73820913,0.9999513886338837,15496.548222820194,65252698.98198738
565.0,23.64879968,0.9999513775646482,15037.556266266012,65267736.53825364
566.0,23.5146855,0.9999513913570722,-20761.227627585067,65246975.31062606
567.0,23.42527605,0.9999513811184108,13909.221598320468,65260884.53222438
568.0,23.3358666,0.9999513712063598,13465.52115167049,65274350.05337605
569.0,23.29116188,0.9999513286026646,57877.1200271636,65332227.17340321
570.0,23.24645715,0.9999512862144418,57584.40059133876,65389811.57399455
571.0,23.24645715,0.9999512123016867,100410.47789262628,65490222.05188718
572.0,23.24645715,0.9999511383889316,100410.47789262628,65590632.52977981
573.0,23.24645715,0.9999510644761764,100410.47789262628,65691043.00767244
574.0,23.29116188,0.9999509590543451,143215.55793647075,65834258.565608904
575.0,23.24645715,0.9999509166661223,57584.40059133876,65891842.96620024
576.0,23.24645715,0.9999508427533672,100410.47789262628,65992253.44409287
577.0,23.20175243,0.9999508005798542,57292.71738466783,66049546.161477536
578.0,23.06763825,0.9999508149638776,-21651.740549203667,66027894.42092833
579.0,22.9782288,0.9999508063263379,11734.097677727294,66039628.51860606
580.0,22.84411462,0.9999508209869183,-22068.031629186786,66017560.48697687
581.0,22.66529572,0.9999508559989085,-52702.258979301696,65964858.22799757
582.0,22.48647682,0.9999508910575103,-52772.42158219431,65912085.80641538
583.0,22.26295319,0.9999509459876241,-82684.27654541936,65829401.52986996
584.0,22.03942957,0.9999510007555616,-82440.1586635124,65746961.37120645
585.0,21.77120122,0.9999510747436056,-111371.47656790228,65635589.894638546
586.0,21.54767759,0.9999511291118457,-81838.5087789457,65553751.3858596
587.0,21.50297286,0.9999510944996095,47020.72289767996,65600772.10875728
588.0,21.45826814,0.9999510600721054,46769.764337997076,65647541.873095274
589.0,21.45826814,0.9999509962616205,86686.5436964491,65734228.41679172
590.0,21.50297286,0.9999509033547965,126213.92042537595,65860442.3372171
591.0,21.63708704,0.9999507527681989,204571.89286448056,66065014.23008158
592.0,21.86061067,0.9999505450676753,282161.1612664497,66347175.39134803
593.0,21.90531539,0.999950449440456,129909.57747206038,66477084.96882009
594.0,21.95002012,0.9999503535075961,130324.79018450082,66607409.759004585
595.0,21.95002012,0.9999502870252176,90316.31123415548,66697726.07023874
596.0,21.90531539,0.9999502507195362,49321.268152146215,66747047.33839089
597.0,21.90531539,0.9999501844833454,89981.86529051766,66837029.2036814
598.0,21.86061067,0.9999501483685648,49061.9295216873,66886091.13320309
599.0,21.72649649,0.9999501642244448,-23867.272033664074,66862223.86116943
600.0,21.59238231,0.999950180203219,-24052.260171411508,66838171.600998014
601.0,21.45826814,0.9999501963005734,-24230.75437561509,66813940.8466224
602.0,21.41356341,0.9999501620571333,46519.713334283326,66860460.559956685
603.0,21.36885869,0.9999501279970633,46270.60503689051,66906731.16499358
604.0,21.32415396,0.9999500941196969,46022.40213453584,66952753.567128114
605.0,21.41356341,0.9999499734062642,163989.19836178215,67116742.76548989
606.0,21.59238231,0.9999497957153423,241393.1174704246,67358135.88296032
607.0,21.90531539,0.9999495324390715,357660.813877491,67715796.69683781
608.0,21.95002012,0.9999494365062116,130324.79018450082,67846121.48702231
609.0,21.90531539,0.9999494002005302,49321.268152146215,67895442.75517446
610.0,21.86061067,0.9999493640857496,49061.9295216873,67944504.68469614
611.0,21.45826814,0.9999494952329214,-197411.006007561,67747093.67868857
612.0,21.05592561,0.9999496245836723,-194706.91974772728,67552386.75894085
613.0,20.65358308,0.9999497520999339,-191945.5305535272,67360441.22838731
614.0,20.60887836,0.9999497210539501,42175.96891489478,67402617.1973022
615.0,20.60887836,0.9999496616735676,80668.24961627713,67483285.44691849
616.0,20.65358308,0.9999495743335011,118651.48032083538,67601936.92723933
617.0,20.96651616,0.9999493241077635,339931.66448640835,67941868.59172574
618.0,21.36885869,0.9999490141101237,421131.7935917499,68363000.38531749
619.0,21.90531539,0.999948607220848,552759.0811288289,68915759.46644633
620.0,22.21824847,0.9999483395394143,363645.2276657493,69279404.69411208
621.0,22.620591,0.9999480079829406,450419.46949662815,69729824.1636087
622.0,23.02293352,0.9999476693755202,459998.1806688379,70189822.34427753
623.0,23.3358666,0.9999473856190135,385483.2141768833,70575305.55845441
624.0,23.55939023,0.9999471577965116,309496.8689996981,70884802.42745411
625.0,23.6935044,0.9999469878785691,230833.5248707908,71115635.95232491
626.0,23.96173276,0.9999467249487682,357190.1344168358,71472826.08674175
627.0,24.14055166,0.9999465203760067,277912.09646553494,71750738.18320727
628.0,24.18525638,0.9999464082751744,152288.98070564892,71903027.16391292
629.0,24.31937056,0.9999462322103331,239184.08697119218,72142211.25088412
630.0,24.45348473,0.9999460548118515,240995.83727675586,72383207.08816087
631.0,24.63230363,0.999945844831474,285258.3428946184,72668465.43105549
632.0,24.76641781,0.9999456642983243,245254.28375445327,72913719.71480994
633.0,24.76641781,0.9999455807463358,113505.37641919781,73027225.09122914
634.0,24.58759891,0.9999456147358946,-51163.23060988573,72976061.86061926
635.0,24.36407528,0.9999456705690032,-84043.52136435511,72892018.3392549
636.0,23.96173276,0.9999458119941647,-212882.08510383585,72679136.25415106
637.0,23.46998078,0.9999459937361315,-273569.486927809,72405566.76722325
638.0,22.4417721,0.999946415215291,-634437.0507874889,71771129.71643576
639.0,21.54767759,0.9999467622403979,-522364.10816691525,71248765.60826884
640.0,20.78769726,0.9999470412582626,-419995.3120982415,70828770.2961706
641.0,20.65358308,0.9999470579781141,-25167.776531905245,70803602.5196387
642.0,20.56417363,0.9999470563501004,2211.6566016008596,70805814.17624031
643.0,20.56417363,0.9999469971964845,80360.1871952251,70886174.36343554
644.0,20.69828781,0.9999468550110361,193158.93162266206,71079333.2950582
645.0,20.92181144,0.9999466578338113,267865.259827904,71347198.5548861
646.0,21.23474451,0.9999464039042557,344963.3012579506,71692161.85614406
647.0,21.54767759,0.9999461456285185,350867.5891038,72043029.44524786
648.0,21.81590594,0.9999459109793767,318770.85903876426,72361800.30428663
649.0,22.12883902,0.9999456445594118,361931.52232849714,72723731.82661512
650.0,22.4417721,0.9999453737142555,367943.1448214311,73091674.97143656
651.0,22.66529572,0.999945156700525,294813.1529543054,73386488.12439087
652.0,22.84411462,0.9999449660388432,259013.89465410807,73645502.01904498
653.0,23.11234297,0.9999447144736712,341751.2861430426,73987253.30518803
654.0,23.3358666,0.9999444893777115,305792.86123896256,74293046.16642699
655.0,23.46998078,0.9999443216247199,227892.4391158029,74520938.6055428
656.0,23.29116188,0.9999443564097652,-52360.64713861047,74468577.95840418
657.0,23.06763825,0.9999444118204102,-83407.60244959583,74385170.35595459
658.0,22.84411462,0.9999444671139837,-83231.37898120482,74301938.97697338
659.0,22.7994099,0.9999444268394032,54713.017546258,74356651.99451964
660.0,22.7994099,0.9999443555528992,96842.71565764151,74453494.71017727
661.0,22.84411462,0.9999442533636231,138824.131493106,74592318.84167038
662.0,22.9782288,0.9999440903180459,221497.41677297634,74813816.25844336
663.0,23.11234297,0.9999439259961568,223231.28638037175,75037047.54482372
664.0,23.24645715,0.9999437603923144,224972.81990757803,75262020.3647313
665.0,23.3358666,0.9999436239678978,185332.56985103796,75447352.93458234
666.0,23.46998078,0.9999434562149062,227892.4391158029,75675245.37369815
667.0,23.60409495,0.9999432871648507,229654.50042789994,75904899.87412605
668.0,23.55939023,0.9999432432525971,59654.796524201185,75964554.67065024
669.0,23.5146855,0.9999431995603254,59355.95113312199,76023910.62178336
670.0,23.38057133,0.9999432135356541,-21036.547303689724,76002874.07447967
671.0,23.38057133,0.9999431388217127,101498.8893292705,76104372.96380894
672.0,23.42527605,0.9999430324163334,144551.70775049203,76248924.67155944
673.0,23.46998078,0.9999429256816714,144999.0383195804,76393923.70987903
674.0,23.55939023,0.9999427873513106,187921.79523499028,76581845.50511402
675.0,23.55939023,0.9999427115595048,102963.16819827778,76684808.67331229
676.0,23.42527605,0.999942725474388,-20945.561071774446,76663863.11224052
677.0,23.29116188,0.9999427395690625,-21216.194239560962,76642646.91800097
678.0,23.11234297,0.9999427744291738,-52473.64118386888,76590173.2768171
679.0,22.84411462,0.9999428500984776,-113902.21522079392,76476271.0615963
680.0,22.57588627,0.9999429253743665,-113310.02221995924,76362961.03937635
681.0,22.39706737,0.9999429604532752,-52802.988932155866,76310158.05044419
682.0,22.26295319,0.9999429757739459,-23061.641069273213,76287096.40937491
683.0,22.21824847,0.9999429381125612,51162.99101964556,76338259.40039456
684.0,22.17354374,0.9999429006469321,50897.057002843125,76389156.4573974
685.0,22.12883902,0.9999428633763512,50632.084239008815,76439788.5416364
686.0,22.12883902,0.9999427959026027,91663.087276135,76531451.62891254
687.0,22.21824847,0.9999426687585558,172725.1877424388,76704176.81665498
688.0,22.35236264,0.9999425115954279,213506.10914368898,76917682.92579867
689.0,22.4417721,0.9999423826281433,175202.05623675586,77092884.98203543
690.0,22.620591,0.9999421943153193,255822.97144846068,77348707.9534839
691.0,22.84411462,0.999941975160488,297721.8382729142,77646429.79175681
692.0,23.06763825,0.9999417533148428,301377.3089567851,77947807.1007136
693.0,23.20175243,0.9999415881389427,224391.46026764065,78172198.56098124
694.0,23.24645715,0.9999414830435492,142772.09200317718,78314970.65298443
695.0,23.29116188,0.9999413776217179,143215.55793647075,78458186.2109209
696.0,23.42527605,0.999941210299824,227306.7927966096,78685493.00371751
697.0,23.64879968,0.9999409813821041,310984.7224455624,78996477.72616307
698.0,23.82761858,0.9999407802126805,273288.66195258324,79269766.38811566
699.0,24.00643748,0.999940577102078,275925.753517048,79545692.1416327
700.0,24.22996111,0.9999403410006634,320743.77168432204,79866435.91331702
701.0,24.36407528,0.9999401644919295,239787.11513614096,80106223.02845317
702.0,24.49818946,0.9999399866475912,241601.5335359792,80347824.56198914
703.0,24.58759891,0.9999398393304022,200130.4012216085,80547954.96321075
704.0,24.81112254,0.999939595931343,330657.621914883,80878612.58512563
705.0,24.98994144,0.9999393819611708,290678.478892676,81169291.0640183
706.0,25.07935089,0.9999392302162564,206145.46626211161,81375436.53028041
707.0,25.16876034,0.9999390776571475,207251.54940628906,81582688.0796867
708.0,25.21346506,0.9999389575140406,163214.41070363153,81745902.49039033
709.0,25.25816979,0.9999388370123191,163701.5886135533,81909604.07900389
710.0,25.34757924,0.9999386828163132,209475.2740413393,82119079.35304523
711.0,25.43698869,0.999938527797591,210592.93410072514,82329672.28714596
712.0,25.48169341,0.9999384054915245,166152.79133627357,82495825.07848223
713.0,25.61580759,0.9999382162870737,257034.24644952378,82752859.32493176
714.0,25.79462649,0.9999379928949782,303478.16164858954,83056337.48658034
715.0,26.01815012,0.9999377339652689,351756.0102028146,83408093.49678315
716.0,26.28637847,0.9999374380771009,401964.0762114629,83810057.57299462
717.0,26.42049265,0.9999372404342929,268497.7547531038,84078555.32774772
718.0,26.46519737,0.9999371099624368,177246.0165571357,84255801.34430486
719.0,26.42049265,0.9999370503651746,80962.88071346923,84336764.22501832
720.0,26.28637847,0.9999370592877307,-13430.794991119907,84323333.4300272
721.0,26.15226429,0.9999370684955955,-13860.259585334137,84309473.17044187
722.0,25.97344539,0.9999371011267933,-49118.5398926605,84260354.6305492
723.0,25.79462649,0.9999371339637574,-49428.27221497179,84210926.35833423
724.0,25.61580759,0.9999371669973313,-49724.22166102056,84161202.13667321
725.0,25.52639814,0.9999371481459146,25609.64950236308,84186811.78617558
726.0,25.39228396,0.9999371588727649,-16146.732529966666,84170665.05364561
727.0,25.25816979,0.9999371698506414,-16524.593032125063,84154140.46061349
728.0,25.12405561,0.9999371810745148,-16894.883156560056,84137245.57745694
729.0,24.81112254,0.9999372812029886,-150719.70271557168,83986525.87474136
730.0,24.40878001,0.9999374242922179,-215386.94505360269,83771138.92968775
731.0,24.18525638,0.9999374800935692,-83995.71834805161,83687143.2113397
732.0,24.00643748,0.9999375144950279,-51783.248303716064,83635359.96303599
733.0,23.78291385,0.9999375701935961,-83841.0027426865,83551518.9602933
734.0,23.64879968,0.9999375837984136,-20478.830600303427,83531040.12969299
735.0,23.46998078,0.9999376185001266,-52235.21020223995,83478804.91949074
736.0,23.24645715,0.9999376739952102,-83534.70461402142,83395270.21487671
737.0,22.93352407,0.9999377702855501,-144942.30111902737,83250327.91375768
738.0,22.57588627,0.999937885958998,-174118.9794688769,83076208.9342888
739.0,22.12883902,0.9999380399174764,-231748.02544804526,82844460.90884076
740.0,21.68179177,0.9999381915560395,-228255.94229401732,82616204.96654674
741.0,21.27944924,0.9999383219095479,-196216.33377348733,82419988.63277325
742.0,20.92181144,0.9999384318518554,-165492.1048678136,82254496.52790543
743.0,20.38535473,0.9999386133468339,-273197.70445177564,81981298.82345366
744.0,19.75948858,0.9999388261313048,-320296.62469883246,81661002.19875483
745.0,18.99950825,0.9999390840009315,-388161.6485526115,81272840.55020222
746.0,17.52425231,0.9999395872414786,-757509.4550912506,80515331.09511097
747.0,16.04899638,0.999940051267921,-698481.9080702789,79816849.18704069
748.0,14.57374044,0.9999404756760929,-638845.985170815,79178003.20186988
749.0,13.09848451,0.9999408600973357,-578655.1339070335,78599348.06796284
750.0,11.98086638,0.9999411202004365,-391523.6148163598,78207824.45314649
751.0,10.9526577,0.9999413380989329,-327994.57895792235,77879829.87418857
752.0,9.611515937,0.9999415975524163,-390545.769687296,77489284.10450128
753.0,8.717421431,0.9999417477389464,-226070.2506268963,77263213.85387439
754.0,7.7786222,0.999941890259653,-214531.1688113331,77048682.68506305
755.0,6.750413519,0.9999420286284498,-208281.45215193546,76840401.23291111
756.0,5.543385936,0.9999421673626895,-208831.53976880744,76631569.69314231
757.0,4.336358353,0.9999422785851018,-167418.99947085406,76464150.69367145
758.0,3.12933077,0.9999423622160671,-125886.61108128619,76338264.08259016
759.0,2.235236264,0.9999424051432018,-64616.63428401988,76273647.44830614
760.0,1.475255935,0.9999424293004037,-36362.94603344779,76237284.5022727
761.0,0.894094506,0.9999424398107087,-15820.774935078298,76221463.72733761
762.0,0.312933077,0.9999424441884699,-6589.682659883316,76214874.04467773
763.0,0.0,0.9999424428885273,1765.9720089922637,76216640.01668672
764.0,0.0,0.9999424406802093,3000.0,76219640.01668672
765.0,0.0,0.9999424384718913,3000.0,76222640.01668672
